<?xml version="1.0" encoding="UTF-8"?>
<project-private xmlns="http://www.netbeans.org/ns/project-private/1">
    <editor-bookmarks xmlns="http://www.netbeans.org/ns/editor-bookmarks/2" lastBookmarkId="0"/>
    <open-files xmlns="http://www.netbeans.org/ns/projectui-open-files/2">
        <group>
            <file>file:/home/mhcrnl/Q3%232017/JavaFx/JavaTicTacToeOOP/src/javatictactoeoop/Seed.java</file>
            <file>file:/home/mhcrnl/Q3%232017/JavaFx/JavaTicTacToeOOP/src/javatictactoeoop/JavaTicTacToeOOP.java</file>
            <file>file:/home/mhcrnl/Q3%232017/JavaFx/JavaTicTacToeOOP/src/javatictactoeoop/GameState.java</file>
            <file>file:/home/mhcrnl/Q3%232017/JavaFx/JavaTicTacToeOOP/src/javatictactoeoop/Cell.java</file>
            <file>file:/home/mhcrnl/Q3%232017/JavaFx/JavaTicTacToeOOP/src/javatictactoeoop/Board.java</file>
        </group>
    </open-files>
</project-private>
