<?xml version="1.0" encoding="UTF-8"?>
<project-private xmlns="http://www.netbeans.org/ns/project-private/1">
    <editor-bookmarks xmlns="http://www.netbeans.org/ns/editor-bookmarks/2" lastBookmarkId="0"/>
    <open-files xmlns="http://www.netbeans.org/ns/projectui-open-files/2">
        <group>
            <file>file:/home/bruno/Documentos/passVault/src/gui/Home.java</file>
            <file>file:/home/bruno/Documentos/passVault/src/end/Account.java</file>
            <file>file:/home/bruno/Documentos/passVault/src/gui/RecordWorked.java</file>
            <file>file:/home/bruno/Documentos/passVault/src/gui/NewAct.java</file>
            <file>file:/home/bruno/Documentos/passVault/src/gui/ShowActInfo.java</file>
            <file>file:/home/bruno/Documentos/passVault/src/gui/Search.java</file>
            <file>file:/home/bruno/Documentos/passVault/src/end/End.java</file>
            <file>file:/home/bruno/Documentos/passVault/src/gui/Ent.java</file>
        </group>
    </open-files>
</project-private>
