<?xml version="1.0"?>

<!DOCTYPE hibernate-mapping PUBLIC
    "-//Hibernate/Hibernate Mapping DTD 3.0//EN" 
    "http://hibernate.sourceforge.net/hibernate-mapping-3.0.dtd">

<hibernate-mapping>
  <class name="de.nava.informa.impl.hibernate.ChannelGroup"
    table="CHANNEL_GROUPS" dynamic-update="false"
    dynamic-insert="false">

    <id name="id" column="CHANNEL_GROUP_ID" type="long">
      <generator class="native"/>
    </id>

    <property name="title" type="string" update="true" insert="true"
      column="TITLE" not-null="true" />

    <set name="channels" table="CAT_GROUP_CHANNEL" lazy="true"
      inverse="false" cascade="all" sort="unsorted">

      <key column="GROUP_ID" />

      <many-to-many class="de.nava.informa.impl.hibernate.Channel"
        column="CHANNEL_ID" outer-join="auto" />

    </set>

    <many-to-one name="parent"
      class="de.nava.informa.impl.hibernate.ChannelGroup" cascade="none"
      outer-join="auto" update="true" insert="true" column="PARENT_ID" />

    <bag name="children" lazy="true" inverse="false" cascade="none"
      order-by="CHANNEL_GROUP_ID">

      <key column="PARENT_ID" />

      <one-to-many class="de.nava.informa.impl.hibernate.ChannelGroup" />
    </bag>


  </class>

</hibernate-mapping>
