<?xml version="1.0"?>

<!DOCTYPE hibernate-mapping PUBLIC
    "-//Hibernate/Hibernate Mapping DTD 3.0//EN" 
    "http://hibernate.sourceforge.net/hibernate-mapping-3.0.dtd">

<hibernate-mapping>
  <class name="de.nava.informa.impl.hibernate.ItemSource"
    table="ITEM_SOURCE" dynamic-update="false" dynamic-insert="false">

    <id name="id" column="ITEM_SOURCE_ID" type="long">
      <generator class="native"/>
    </id>

    <many-to-one name="item" class="de.nava.informa.impl.hibernate.Item"
      cascade="none" outer-join="auto" update="true" insert="true"
      column="ITEM_ID" not-null="true" />

    <property name="name" type="string" update="true" insert="true"
      column="NAME" />

    <property name="location" type="string" update="true" insert="true"
      column="LOCATION" />

    <property name="timestamp" type="timestamp" update="true"
      insert="true" column="TIMESTAMP" />


  </class>

</hibernate-mapping>
