<?xml version="1.0"?>

<!DOCTYPE hibernate-mapping PUBLIC
    "-//Hibernate/Hibernate Mapping DTD 3.0//EN" 
    "http://hibernate.sourceforge.net/hibernate-mapping-3.0.dtd">

<hibernate-mapping>
  <class name="de.nava.informa.impl.hibernate.ItemGuid"
    table="ITEM_GUID" dynamic-update="false" dynamic-insert="false">

    <id name="id" column="ITEM_GUID_ID" type="long"
      unsaved-value="-1">
      <generator class="native"></generator>
    </id>

    <many-to-one name="item" class="de.nava.informa.impl.hibernate.Item"
      cascade="none" outer-join="auto" update="true" insert="true"
      column="ITEM_ID" not-null="true" />

    <property name="location" type="string" update="true" insert="true"
      column="LOCATION" />

    <property name="permaLink" type="boolean" update="true"
      insert="true" column="PERMA_LINK" />


  </class>

</hibernate-mapping>
